step,rotor,cpl_iter,blade,i_span,alpha_deg,re,chord_m,dr_m,cl,cd,r_mean_m,dT_N,dQ_Nm,v_axial_mps,v_tan_mps,phi_deg
0,0,0,1,39,5.23854,14428.3,0.00180845,0.00069342,0.886875,0.0344074,0.152053,-0.00932873,0.000131697,6.30431,117.062,3.08266
0,0,0,1,38,4.75512,35076.8,0.00441579,0.00076962,0.82623,0.0357198,0.151322,-0.0233208,0.000375835,7.33634,116.49,3.60363
0,0,0,1,37,4.59558,50672.9,0.00640842,0.00076962,0.808238,0.0358843,0.150552,-0.0327908,0.000549161,7.711,115.932,3.80532
0,0,0,1,36,4.50366,60651.5,0.00770504,0.00076962,0.827645,0.0320832,0.149783,-0.0400146,0.000646839,7.94715,115.392,3.93979
0,0,0,1,35,4.46162,68169.4,0.00869945,0.00076962,0.846365,0.0290974,0.149013,-0.0457905,0.000716418,8.08157,114.858,4.02478
0,0,0,1,34,4.44392,74150.1,0.00950595,0.00076962,0.8633,0.0266745,0.148243,-0.0505801,0.000769003,8.16682,114.327,4.08593
0,0,0,1,33,4.44197,79007.3,0.0101753,0.00076962,0.878417,0.0246868,0.147474,-0.0545923,0.000809484,8.22035,113.796,4.13173
0,0,0,1,32,4.45199,82970.9,0.0107354,0.00076962,0.891857,0.0230581,0.146704,-0.0579453,0.000840552,8.25012,113.265,4.16601
0,0,0,1,31,4.47215,86179.2,0.0112027,0.00076962,0.903776,0.0217402,0.145934,-0.0607114,0.000863821,8.26014,112.734,4.19065
0,0,0,1,30,4.5059,88944.6,0.011623,0.000942289,0.915396,0.0206098,0.145078,-0.0773037,0.0010793,8.24939,112.141,4.20725
0,0,0,1,29,4.61806,94433.7,0.0125273,0.00389382,0.94168,0.0184155,0.14266,-0.343743,0.00460297,8.19327,110.463,4.24199
0,0,0,1,28,4.75704,102432,0.0139345,0.00406908,0.968697,0.0162049,0.138679,-0.39087,0.00503975,8.19915,107.702,4.35341
0,0,0,1,27,4.89562,109840,0.0153404,0.00406664,0.9786,0.0160963,0.134611,-0.412112,0.00527099,8.22803,104.889,4.48538
0,0,0,1,26,5.01527,116496,0.0167133,0.00406908,0.987553,0.0160748,0.130543,-0.429522,0.00548328,8.30795,102.083,4.65273
0,0,0,1,25,5.13002,122400,0.0180506,0.00406649,0.996557,0.0161336,0.126475,-0.442615,0.00565704,8.41195,99.283,4.84293
0,0,0,1,24,5.24759,127551,0.0193485,0.00406649,1.00618,0.0162714,0.122409,-0.452572,0.00579957,8.52656,96.4908,5.04991
0,0,0,0,15,7.02118,101652,0.0288048,0.00406908,1.13141,0.0216739,0.0858012,-0.215981,0.00280636,6.7808,51.4091,7.51387
0,0,0,0,14,7.36061,98926.3,0.0295567,0.00406649,1.15302,0.0230094,0.0817334,-0.202815,0.00262813,6.73037,48.7177,7.86564
0,0,0,0,13,7.75602,95715.5,0.0302387,0.00406664,1.17653,0.0257953,0.0776668,-0.189124,0.002454,6.65686,46.0322,8.22868
0,0,0,0,0,21.4052,17081.3,0.0222796,0.00252222,1.35,0.197706,0.0256451,-0.00554708,5.58915e-05,2.55677,10.9715,13.118
0,0,0,0,24,5.2276,100433,0.0193485,0.00406649,1.00564,0.016591,0.122409,-0.280419,0.00361692,6.74025,75.9737,5.0699
0,0,0,1,8,10.7386,117155,0.032446,0.00406664,0.984478,0.0604305,0.0573291,-0.217728,0.00311053,9.65089,52.1711,10.4804
0,0,0,0,1,21.7554,22299.1,0.0243624,0.00398267,1.35,0.202619,0.0288976,-0.0136362,0.000156717,3.0603,13.0967,13.1523
0,0,0,0,25,5.13516,97082,0.0180506,0.00406649,0.991205,0.017596,0.126475,-0.276915,0.00359135,6.66488,78.7471,4.83779
0,0,0,1,9,9.90332,122356,0.0322072,0.00406649,1.02733,0.0569825,0.0613956,-0.25041,0.00360497,9.71435,54.9706,10.0218
0,0,0,0,2,21.1141,29464.8,0.0266306,0.00406908,1.35,0.193621,0.0329234,-0.022389,0.0002777,3.51361,15.8734,12.4813
0,0,0,0,26,5.05564,93036.9,0.0167133,0.00406908,0.97442,0.0190502,0.130543,-0.270257,0.00354156,6.57751,81.5308,4.61236
0,0,0,1,10,9.24857,126881,0.0318351,0.00406908,1.07496,0.0512801,0.0654634,-0.286175,0.00407,9.69194,57.7558,9.52598
0,0,0,0,3,19.7259,37155.2,0.0285432,0.00406664,1.35,0.174449,0.0369913,-0.0335368,0.000419955,3.76063,18.7539,11.3388
0,0,0,0,27,4.97632,88294.8,0.0153404,0.00406664,0.955195,0.020808,0.134611,-0.259853,0.00346217,6.49532,84.324,4.40468
0,0,0,1,11,8.66561,130911,0.0313804,0.00406649,1.11734,0.0467348,0.0695312,-0.321875,0.00454321,9.67382,60.531,9.07999
0,0,0,0,4,18.1499,44965.9,0.0300735,0.00406908,1.16521,0.1541,0.0410592,-0.0404726,0.000535638,3.94039,21.614,10.332
0,0,0,0,28,4.8843,82848.9,0.0139345,0.00406908,0.932144,0.0228897,0.138679,-0.245963,0.00336424,6.43816,87.1266,4.22615
0,0,0,1,12,8.14619,134421,0.030847,0.00406908,1.15514,0.0430692,0.073599,-0.357898,0.00502937,9.65703,63.2987,8.67431
0,0,0,0,5,15.8103,52782.8,0.0312268,0.00406649,0.888897,0.125166,0.0451269,-0.0408507,0.000615805,4.50772,24.4247,10.4566
0,0,0,0,6,13.6741,60271.8,0.0320053,0.00406649,0.937832,0.0990901,0.0491934,-0.0551321,0.000814158,5.12711,27.1921,10.6779
0,0,0,0,7,11.9753,67175.2,0.0324104,0.00406908,0.991189,0.080122,0.0532612,-0.0718533,0.00104907,5.65877,29.9249,10.7082
0,0,0,0,8,10.6976,73280,0.032446,0.00406664,1.06082,0.0681015,0.0573291,-0.0917263,0.0013301,6.05996,32.6285,10.5214
0,0,0,0,9,9.91862,78597.6,0.0322072,0.00406649,1.09536,0.0600909,0.0613956,-0.110189,0.00158009,6.23076,35.313,10.0065
0,0,0,0,10,9.27964,83455.1,0.0318351,0.00406908,1.11767,0.0491571,0.0654634,-0.128822,0.00179456,6.35422,37.9921,9.49491
0,0,0,0,11,8.70932,87947.5,0.0313804,0.00406649,1.14565,0.0394773,0.0695312,-0.149152,0.00201771,6.46796,40.6704,9.03628
0,0,0,0,12,8.19967,92044.8,0.030847,0.00406908,1.17743,0.0309121,0.073599,-0.171368,0.00225224,6.57218,43.3499,8.62083
0,0,0,1,13,7.72609,137372,0.0302387,0.00406664,1.15144,0.0396095,0.0776668,-0.380533,0.00533309,9.58854,66.0611,8.25861
0,0,0,0,29,4.75537,76822.9,0.0125273,0.00389382,0.902816,0.0252964,0.14266,-0.218017,0.00310972,6.44994,89.8783,4.10468
0,0,0,1,14,7.35605,139746,0.0295567,0.00406649,1.13308,0.0357554,0.0817334,-0.397074,0.00553446,9.51297,68.8191,7.8702
0,0,0,0,30,4.6379,72602.7,0.011623,0.000942289,0.878571,0.0270765,0.145078,-0.0494165,0.000733346,6.52282,91.5526,4.07525
0,0,0,1,15,7.02702,141526,0.0288048,0.00406908,1.1176,0.0319097,0.0858012,-0.413041,0.00570407,9.43338,71.5761,7.50803
0,0,0,0,31,4.6011,70427.5,0.0112027,0.00076962,0.868219,0.0279883,0.145934,-0.0389367,0.000588008,6.54301,92.1433,4.0617
0,0,0,1,16,6.73372,142688,0.0279857,0.00406649,1.10439,0.0281773,0.089869,-0.427322,0.00582879,9.34945,74.3327,7.16893
0,0,0,0,32,4.57691,67875.6,0.0107354,0.00076962,0.857939,0.029043,0.146704,-0.0372908,0.000573057,6.5471,92.6728,4.04109
0,0,0,1,17,6.47181,143208,0.0271017,0.00406664,1.09292,0.0246465,0.0939356,-0.440404,0.00591879,9.26095,77.0896,6.85024
0,0,0,0,33,4.56156,64699.2,0.0101753,0.00076962,0.846621,0.0303419,0.147474,-0.0352726,0.000552666,6.53713,93.2015,4.01214
0,0,0,1,18,6.23753,143075,0.0261569,0.00406908,1.08275,0.0213896,0.0980034,-0.451977,0.00597439,9.16796,79.8494,6.54977
0,0,0,0,34,4.55663,60783.2,0.00950595,0.00076962,0.834152,0.0319245,0.148243,-0.03283,0.000525695,6.51022,93.7301,3.97322
0,0,0,1,19,6.02765,142261,0.0251523,0.00406649,1.07351,0.0184633,0.102071,-0.460867,0.00598514,9.07014,82.6117,6.26555
0,0,0,0,35,4.56551,55937,0.00869945,0.00076962,0.820464,0.0338518,0.149013,-0.0298795,0.000490258,6.46051,94.2597,3.92089
0,0,0,1,20,5.83917,140755,0.0240919,0.00406908,1.05788,0.0176358,0.106139,-0.464751,0.00601412,8.96775,85.3779,5.99613
0,0,0,0,36,4.595,49818.6,0.00770504,0.00076962,0.806143,0.0361546,0.149783,-0.0262895,0.000442825,6.37661,94.7922,3.84845
0,0,0,1,21,5.6695,138540,0.0229781,0.00406649,1.04275,0.0171809,0.110207,-0.465276,0.00600938,8.86107,88.1483,5.74035
0,0,0,0,37,4.6018,41668.6,0.00640842,0.00076962,0.806996,0.0361361,0.150552,-0.0221383,0.000371674,6.33045,95.3321,3.7991
0,0,0,1,22,5.51605,135609,0.0218148,0.00406664,1.02921,0.0167998,0.114273,-0.463725,0.00597457,8.75096,90.9229,5.49755
0,0,0,0,38,4.75512,28875.1,0.00441579,0.00076962,0.82623,0.0357198,0.151322,-0.0158034,0.000254686,6.03924,95.8941,3.60363
0,0,0,1,23,5.37623,131953,0.0206045,0.00406908,1.01707,0.0164957,0.118341,-0.459853,0.00590859,8.63892,93.7039,5.26742
0,0,0,0,39,5.23854,11891.3,0.00180845,0.00069342,0.886875,0.0344074,0.152053,-0.00633654,8.94552e-05,5.1958,96.4783,3.08266
0,0,0,0,16,6.72247,103865,0.0279857,0.00406649,1.11181,0.0207606,0.089869,-0.228133,0.00297263,6.81624,54.1066,7.18018
0,0,0,1,0,21.4052,45701.5,0.0222796,0.00252222,1.35,0.197706,0.0256451,-0.0397087,0.000400098,6.84073,29.3546,13.118
0,0,0,0,17,6.45637,105539,0.0271017,0.00406664,1.09492,0.0196572,0.0939356,-0.239753,0.00312277,6.84029,56.8105,6.86568
0,0,0,1,1,21.7762,54022.5,0.0243624,0.00398267,1.35,0.200751,0.0288976,-0.0800712,0.00091564,7.40246,31.731,13.1315
0,0,0,0,18,6.21897,106658,0.0261569,0.00406908,1.08021,0.0184749,0.0980034,-0.250649,0.00325498,6.85367,59.5227,6.56833
0,0,0,1,2,21.1782,64384.2,0.0266306,0.00406908,1.35,0.186767,0.0329234,-0.107071,0.00130356,7.63887,34.6941,12.4172
0,0,0,0,19,6.00689,107189,0.0251523,0.00406649,1.06722,0.0173053,0.102071,-0.260122,0.00336137,6.8566,62.2426,6.28631
0,0,0,1,3,19.8282,74657.1,0.0285432,0.00406664,1.35,0.16236,0.0369913,-0.135731,0.00164052,7.48902,37.6963,11.2365
0,0,0,0,20,5.81697,107116,0.0240919,0.00406908,1.05223,0.0170839,0.106139,-0.26772,0.00346306,6.84975,64.971,6.01833
0,0,0,1,4,18.4548,84529.5,0.0300735,0.00406908,1.14828,0.1391,0.0410592,-0.14147,0.00176858,7.19105,40.6701,10.0271
0,0,0,0,21,5.64651,106419,0.0229781,0.00406649,1.03863,0.0169111,0.110207,-0.273444,0.00353804,6.83378,67.7082,5.76334
0,0,0,1,5,16.288,94082.1,0.0312268,0.00406649,0.862123,0.107619,0.0451269,-0.126587,0.00175677,7.67148,43.6009,9.97892
0,0,0,0,22,5.49279,105084,0.0218148,0.00406664,1.02639,0.0167655,0.114273,-0.27768,0.003591,6.80972,70.4535,5.52081
0,0,0,1,6,14.34,102830,0.0320053,0.00406649,0.854013,0.0842282,0.0491934,-0.146822,0.00202266,8.20762,46.4912,10.0119
0,0,0,0,23,5.35312,103096,0.0206045,0.00406908,1.01538,0.0166557,0.118341,-0.28023,0.00362036,6.77918,73.2089,5.29053
0,0,0,1,7,12.5072,110584,0.0324104,0.00406908,0.905243,0.0693303,0.0532612,-0.17842,0.0024675,8.85778,49.3468,10.1762
0,1,0,1,39,5.23854,10033.2,0.00180845,0.00069342,0.886875,0.0344074,0.152053,-0.00451101,6.36835e-05,4.38392,81.403,3.08266
0,1,0,1,38,4.75512,24360.3,0.00441579,0.00076962,0.82623,0.0357198,0.151322,-0.0112478,0.000181268,5.09497,80.9004,3.60363
0,1,0,1,37,4.6018,35149.6,0.00640842,0.00076962,0.806996,0.0361361,0.150552,-0.0157531,0.000264475,5.34006,80.4175,3.7991
0,1,0,1,36,4.595,42020.2,0.00770504,0.00076962,0.806143,0.0361546,0.149783,-0.0187032,0.00031504,5.37844,79.9539,3.84845
0,1,0,1,35,4.61653,47173.2,0.00869945,0.00076962,0.808844,0.0360961,0.149013,-0.0209466,0.000351497,5.37753,79.4966,3.86987
0,1,0,1,34,4.63711,51253.1,0.00950595,0.00076962,0.815143,0.0355434,0.148243,-0.0228055,0.000378584,5.37848,79.0419,3.89274
0,1,0,1,33,4.64653,54549.2,0.0101753,0.00076962,0.826064,0.0342136,0.147474,-0.0244591,0.000398153,5.39504,78.5881,3.92717
0,1,0,1,32,4.66524,57221.1,0.0107354,0.00076962,0.836185,0.0331141,0.146704,-0.0258243,0.000412942,5.39895,78.1342,3.95276
0,1,0,1,31,4.69181,59365.9,0.0112027,0.00076962,0.845588,0.0322123,0.145934,-0.0269384,0.000423778,5.39236,77.6796,3.97099
0,1,0,1,30,4.73026,61192,0.011623,0.000942289,0.855322,0.0314195,0.145078,-0.0341666,0.000528565,5.37327,77.1725,3.98289
0,1,0,1,29,4.84992,64726.3,0.0125273,0.00389382,0.878823,0.0298338,0.14266,-0.150613,0.00224104,5.30936,75.7349,4.01013
0,1,0,1,28,4.9836,69761.1,0.0139345,0.00406908,0.906985,0.0277242,0.138679,-0.169639,0.00242185,5.29395,73.3722,4.12685
0,1,0,1,27,5.08197,74297.5,0.0153404,0.00406664,0.929002,0.0259249,0.134611,-0.178899,0.00248756,5.33476,70.9662,4.29903
0,1,0,1,26,5.16936,78232.6,0.0167133,0.00406908,0.947612,0.024411,0.130543,-0.18578,0.00253802,5.3948,68.5683,4.49864
0,1,0,1,25,5.2572,81572.8,0.0180506,0.00406649,0.964195,0.0231542,0.126475,-0.190121,0.00256608,5.4592,66.1787,4.71575
0,1,0,1,24,5.35291,84321.5,0.0193485,0.00406649,0.979593,0.0221401,0.122409,-0.192489,0.00257605,5.51946,63.7983,4.94459
0,1,0,0,15,7.02455,124359,0.0288048,0.00406908,1.12358,0.0274905,0.0858012,-0.320793,0.00431615,8.29184,62.8937,7.5105
0,1,0,0,14,7.35645,122896,0.0295567,0.00406649,1.14186,0.0301887,0.0817334,-0.309694,0.00418328,8.36552,60.5214,7.8698
0,1,0,0,13,7.72975,120915,0.0302387,0.00406664,1.16324,0.0328215,0.0776668,-0.298113,0.00402892,8.43614,58.1476,8.25495
0,1,0,0,0,21.4052,41269.2,0.0222796,0.00252222,1.35,0.197706,0.0256451,-0.03238,0.000326256,6.17729,26.5077,13.118
0,1,0,0,24,5.2356,111459,0.0193485,0.00406649,1.00581,0.0164547,0.122409,-0.345438,0.00444367,7.46843,84.3153,5.0619
0,1,0,1,8,10.7304,59828.4,0.032446,0.00406664,1.08896,0.0748171,0.0573291,-0.0627196,0.000924479,4.93234,26.6419,10.4887
0,1,0,0,1,21.7554,48638.7,0.0243624,0.00398267,1.35,0.202619,0.0288976,-0.0648758,0.0007456,6.67511,28.5663,13.1523
0,1,0,0,25,5.1194,106907,0.0180506,0.00406649,0.996764,0.0163997,0.126475,-0.337712,0.00433565,7.36325,86.7146,4.85355
0,1,0,1,9,9.96078,64402.9,0.0322072,0.00406649,1.12796,0.0666821,0.0613956,-0.0761407,0.00110915,5.08419,28.9393,9.96432
0,1,0,0,2,21.1499,57765.6,0.0266306,0.00406908,1.35,0.189936,0.0329234,-0.0861272,0.0010576,6.86902,31.1242,12.4455
0,1,0,0,26,5.00598,101704,0.0167133,0.00406908,0.988267,0.0164124,0.130543,-0.327597,0.00420335,7.26754,89.1201,4.66202
0,1,0,1,10,9.33547,68595.7,0.0318351,0.00406908,1.1364,0.0559654,0.0654634,-0.0884305,0.00125781,5.1924,31.2325,9.43908
0,1,0,0,3,19.7958,66771.9,0.0285432,0.00406664,1.35,0.166229,0.0369913,-0.10849,0.00132634,6.7171,33.7111,11.2689
0,1,0,0,27,4.9197,95848.7,0.0153404,0.00406664,0.970537,0.0179641,0.134611,-0.311185,0.00404945,7.14146,91.5312,4.4613
0,1,0,1,11,8.7779,72484.1,0.0313804,0.00406649,1.1507,0.0464694,0.0695312,-0.101688,0.00141029,5.2906,33.5259,8.9677
0,1,0,0,4,18.392,75405.2,0.0300735,0.00406908,1.15524,0.143288,0.0410592,-0.113162,0.00143476,6.45461,36.273,10.0899
0,1,0,0,28,4.83513,89341.2,0.0139345,0.00406908,0.945553,0.0204266,0.138679,-0.290177,0.00388394,7.0233,93.9481,4.27532
0,1,0,1,12,8.27991,76042.2,0.030847,0.00406908,1.1692,0.0380538,0.073599,-0.116062,0.00156848,5.37941,35.8208,8.54059
0,1,0,0,5,16.1697,83750,0.0312268,0.00406649,0.862379,0.111954,0.0451269,-0.100185,0.00142495,6.90908,38.7985,10.0972
0,1,0,0,6,14.1951,91365.9,0.0320053,0.00406649,0.872247,0.0865834,0.0491934,-0.118286,0.0016494,7.39706,41.2894,10.1569
0,1,0,0,7,12.3917,98078.7,0.0324104,0.00406908,0.920253,0.0658124,0.0532612,-0.142734,0.00194941,7.94433,43.7505,10.2918
0,1,0,0,8,10.6332,103747,0.032446,0.00406664,1.00098,0.0560516,0.0573291,-0.173702,0.00244429,8.63138,46.1845,10.5858
0,1,0,0,9,9.87212,108179,0.0322072,0.00406649,1.04157,0.0527091,0.0613956,-0.198605,0.00280388,8.61528,48.5968,10.053
0,1,0,0,10,9.23103,112037,0.0318351,0.00406908,1.08873,0.045968,0.0654634,-0.226186,0.00313682,8.57368,50.9963,9.54352
0,1,0,0,11,8.66095,115461,0.0313804,0.00406649,1.13065,0.0404136,0.0695312,-0.253611,0.00346977,8.53647,53.3865,9.08465
0,1,0,0,12,8.15341,118430,0.030847,0.00406908,1.16802,0.0357819,0.073599,-0.2812,0.00380657,8.50118,55.7697,8.66709
0,1,0,1,13,7.84481,79243.3,0.0302387,0.00406664,1.17098,0.0321838,0.0776668,-0.12895,0.00171447,5.45218,38.1187,8.13989
0,1,0,0,29,4.71237,82332.6,0.0125273,0.00389382,0.914475,0.0231786,0.14266,-0.253674,0.00354813,6.98481,96.3191,4.14768
0,1,0,1,14,7.46434,82056.5,0.0295567,0.00406649,1.14466,0.0293852,0.0817334,-0.138461,0.00183951,5.50948,40.42,7.76191
0,1,0,0,30,4.59807,77529.9,0.011623,0.000942289,0.889237,0.0251574,0.145078,-0.0570419,0.000831203,7.03345,97.761,4.11508
0,1,0,1,15,7.12242,84464.3,0.0288048,0.00406908,1.12183,0.0269711,0.0858012,-0.147802,0.00196091,5.55881,42.7267,7.41263
0,1,0,0,31,4.56271,75113.9,0.0112027,0.00076962,0.87839,0.026158,0.145934,-0.0448146,0.00066498,7.04424,98.27,4.10009
0,1,0,1,16,6.81594,86441,0.0279857,0.00406649,1.10188,0.024913,0.089869,-0.156561,0.00207314,5.59931,45.0391,7.08671
0,1,0,0,32,4.54017,72312.8,0.0107354,0.00076962,0.867533,0.0273101,0.146704,-0.0428034,0.000646803,7.03842,98.7266,4.07783
0,1,0,1,17,6.5423,87962.5,0.0271017,0.00406664,1.08427,0.0231875,0.0939356,-0.16489,0.00217819,5.63007,47.3575,6.77975
0,1,0,0,33,4.52681,68854.1,0.0101753,0.00076962,0.855515,0.0287235,0.147474,-0.0403719,0.000622601,7.01709,99.1826,4.04689
0,1,0,1,18,6.29906,89012.6,0.0261569,0.00406908,1.06852,0.0217717,0.0980034,-0.172654,0.00227439,5.65038,49.6834,6.48824
0,1,0,0,34,4.52428,64617.2,0.00950595,0.00076962,0.842216,0.0304394,0.148243,-0.0374643,0.000591126,6.97713,99.6384,4.00557
0,1,0,1,19,6.08408,89564.7,0.0251523,0.00406649,1.05421,0.0206499,0.102071,-0.179366,0.00235548,5.65916,52.0163,6.20912
0,1,0,0,35,4.53607,59402,0.00869945,0.00076962,0.827553,0.0325225,0.149013,-0.0339897,0.000550303,6.91214,100.095,3.95033
0,1,0,1,20,5.89504,89604.1,0.0240919,0.00406908,1.03916,0.0202724,0.106139,-0.184978,0.00243081,5.65584,54.3569,5.94026
0,1,0,0,36,4.57017,52848.1,0.00770504,0.00076962,0.81166,0.0350798,0.149783,-0.0297884,0.000496373,6.80795,100.554,3.87328
0,1,0,1,21,5.72983,89112.4,0.0229781,0.00406649,1.02374,0.0204395,0.110207,-0.188951,0.00249185,5.63996,56.7052,5.68002
0,1,0,0,37,4.6018,44153.5,0.00640842,0.00076962,0.806996,0.0361361,0.150552,-0.0248575,0.000417326,6.70797,101.017,3.7991
0,1,0,1,22,5.58608,88077.5,0.0218148,0.00406664,1.00894,0.0207959,0.114273,-0.191715,0.00253806,5.61151,59.0608,5.42752
0,1,0,0,38,4.75512,30562,0.00441579,0.00076962,0.82623,0.0357198,0.151322,-0.0177038,0.000285313,6.39206,101.496,3.60363
0,1,0,1,23,5.46132,86487.2,0.0206045,0.00406908,0.994361,0.0213574,0.118341,-0.193079,0.00256811,5.57105,61.4254,5.18233
0,1,0,0,39,5.23854,12570.2,0.00180845,0.00069342,0.886875,0.0344074,0.152053,-0.00708072,9.9961e-05,5.49243,101.986,3.08266
0,1,0,0,16,6.72876,125284,0.0279857,0.00406649,1.10777,0.0248288,0.089869,-0.33057,0.00441755,8.2147,65.2653,7.17389
0,1,0,1,0,21.4052,12649,0.0222796,0.00252222,1.35,0.197706,0.0256451,-0.00304183,3.0649e-05,1.89334,8.12459,13.118
0,1,0,0,17,6.46473,125650,0.0271017,0.00406664,1.09393,0.0222892,0.0939356,-0.339426,0.00449498,8.13382,67.6367,6.85732
0,1,0,1,1,21.7554,16910.7,0.0243624,0.00398267,1.35,0.202619,0.0288976,-0.00784228,9.01293e-05,2.3208,9.93195,13.1523
0,1,0,0,18,6.22868,125447,0.0261569,0.00406908,1.08161,0.0199418,0.0980034,-0.347145,0.00454841,8.04921,70.0101,6.55862
0,1,0,1,2,21.1141,22838.2,0.0266306,0.00406908,1.35,0.193621,0.0329234,-0.0134509,0.000166837,2.72341,12.3035,12.4813
0,1,0,0,19,6.01737,124653,0.0251523,0.00406649,1.07045,0.0178421,0.102071,-0.352848,0.00456946,7.96052,72.3855,6.27583
0,1,0,1,3,19.7259,29259.7,0.0285432,0.00406664,1.35,0.174449,0.0369913,-0.020798,0.000260437,2.96149,14.7687,11.3388
0,1,0,0,20,5.82776,123259,0.0240919,0.00406908,1.0549,0.0173402,0.106139,-0.355392,0.00459764,7.86793,74.7637,6.00754
0,1,0,1,4,18.1499,35818.2,0.0300735,0.00406908,1.16521,0.1541,0.0410592,-0.0256804,0.00033987,3.13877,17.217,10.332
0,1,0,0,21,5.65726,121250,0.0229781,0.00406649,1.04049,0.0170272,0.110207,-0.35561,0.004597,7.77165,77.1453,5.75259
0,1,0,1,5,15.7722,42409.8,0.0312268,0.00406649,0.893733,0.126314,0.0451269,-0.0265072,0.00040115,3.6349,19.6223,10.4947
0,1,0,0,22,5.50323,118620,0.0218148,0.00406664,1.02761,0.0167726,0.114273,-0.35425,0.00457325,7.67242,79.5302,5.51037
0,1,0,1,6,13.4744,48774.2,0.0320053,0.00406649,0.962262,0.103163,0.0491934,-0.0369943,0.00055628,4.22571,21.9903,10.8775
0,1,0,0,23,5.36306,115362,0.0206045,0.00406908,1.01607,0.0165801,0.118341,-0.351124,0.00452538,7.57153,81.9203,5.28059
0,1,0,1,7,11.8823,54629.4,0.0324104,0.00406908,1.02055,0.086698,0.0532612,-0.0488672,0.000729481,4.64141,24.3285,10.8011
0,2,0,1,39,8.29366,10902.1,0.00216665,0.000866203,1.11447,0.0374255,0.190067,-0.00697329,0.00013089,4.79272,73.781,3.71664
0,2,0,1,38,7.57531,26623,0.00531371,0.000962597,1.10586,0.0389581,0.189152,-0.0186683,0.000402699,5.76129,73.3942,4.48839
0,2,0,1,37,7.39785,37652,0.00755142,0.00096012,1.09436,0.0390568,0.188191,-0.0259209,0.000579057,6.03596,73.0158,4.7257
0,2,0,1,36,7.46849,43741.9,0.00881758,0.000962596,1.09894,0.0390175,0.18723,-0.0301644,0.00066834,5.99239,72.646,4.71551
0,2,0,1,35,7.57369,47898.4,0.00970531,0.000962787,1.10576,0.038959,0.186267,-0.0330753,0.000722557,5.90591,72.2774,4.67136
0,2,0,1,34,7.68346,50874.9,0.010362,0.000962597,1.11456,0.0386531,0.185304,-0.0352255,0.000756345,5.81501,71.9089,4.62324
0,2,0,1,33,7.79363,52967.6,0.0108446,0.000962596,1.12574,0.0380354,0.184342,-0.0368561,0.000775345,5.72495,71.5398,4.57532
0,2,0,1,32,7.91208,54337.4,0.0111837,0.00096012,1.13606,0.0376458,0.18338,-0.0378641,0.000781008,5.62586,71.1701,4.51972
0,2,0,1,31,8.03583,55148.2,0.011411,0.000962787,1.14098,0.0373232,0.182419,-0.0385037,0.00077954,5.52169,70.7993,4.45952
0,2,0,1,30,8.16578,55792,0.0116129,0.00117843,1.1337,0.036815,0.181348,-0.0470997,0.000937085,5.4171,70.3859,4.40097
0,2,0,1,29,8.45663,57675,0.0122086,0.00486918,1.11811,0.0358031,0.178325,-0.19514,0.00375099,5.22679,69.2189,4.31827
0,2,0,1,28,8.80071,60796.4,0.0132359,0.00508254,1.10099,0.0350057,0.173349,-0.205569,0.00383967,5.09437,67.3005,4.32879
0,2,0,1,27,9.07081,64039.1,0.0143573,0.00508521,1.08863,0.0348702,0.168265,-0.207968,0.00384843,5.07522,65.3435,4.44124
0,2,0,1,26,9.36313,67250.7,0.0155398,0.00508502,1.07438,0.035258,0.16318,-0.209059,0.00384677,5.04893,63.3893,4.55397
0,2,0,1,25,9.64978,70346.5,0.0167678,0.00508502,1.05997,0.0361604,0.158095,-0.209071,0.00385406,5.04785,61.4386,4.69692
0,2,0,1,24,9.93922,73253.5,0.0180276,0.00508254,1.04474,0.03753,0.153011,-0.20763,0.00385644,5.0624,59.4923,4.86378
0,2,0,0,15,14.2886,82576.1,0.0286131,0.00508521,0.866931,0.0781148,0.107251,-0.136688,0.00298846,4.70724,42.1438,6.37323
0,2,0,0,14,15.0764,81171.8,0.0294563,0.00508502,0.849099,0.0862525,0.102166,-0.12542,0.00279902,4.59904,40.2294,6.52176
0,2,0,0,13,15.9536,79243.5,0.0301841,0.00508254,0.829125,0.095198,0.0970826,-0.11361,0.00259001,4.47744,38.3157,6.66515
0,2,0,0,0,37.2535,22012.7,0.0239839,0.00315468,1.35,0.451524,0.0320573,-0.0102858,0.000198037,2.91794,13.1667,12.4956
0,2,0,0,24,9.93922,73253.5,0.0180276,0.00508254,1.04474,0.03753,0.153011,-0.20763,0.00385644,5.0624,59.4923,4.86378
0,2,0,1,8,20.8529,62445.3,0.0316116,0.00508502,1.1854,0.154129,0.0716611,-0.0953139,0.00195946,4.33984,28.6999,8.59879
0,2,0,0,1,35.2869,26034.3,0.025287,0.00497834,1.35,0.410352,0.0361238,-0.021765,0.000436848,3.18405,14.7892,12.15
0,2,0,0,25,9.64978,70346.5,0.0167678,0.00508502,1.05997,0.0361604,0.158095,-0.209071,0.00385406,5.04785,61.4386,4.69692
0,2,0,1,9,19.8054,66668.2,0.0316661,0.00508502,1.07946,0.140369,0.0767461,-0.0990556,0.00209421,4.30154,30.6352,7.99276
0,2,0,0,2,32.5924,31268.4,0.0267741,0.00508254,1.35,0.35557,0.0411543,-0.0306539,0.00063015,3.50537,16.7986,11.7868
0,2,0,0,26,9.36313,67250.7,0.0155398,0.00508502,1.07438,0.035258,0.16318,-0.209059,0.00384677,5.04893,63.3893,4.55397
0,2,0,1,10,18.8307,70485.6,0.0315366,0.00508254,0.995586,0.128472,0.0818298,-0.102754,0.00222629,4.27367,32.5622,7.47713
0,2,0,0,3,29.7471,36768.7,0.0281279,0.00508521,1.35,0.300216,0.0462382,-0.0408366,0.000840736,3.81752,18.8246,11.4638
0,2,0,0,27,9.07081,64039.1,0.0143573,0.00508521,1.08863,0.0348702,0.168265,-0.207968,0.00384843,5.07522,65.3435,4.44124
0,2,0,1,11,17.9307,73864.4,0.0312382,0.00508521,0.928377,0.117538,0.0869137,-0.106534,0.00235058,4.25159,34.4834,7.02875
0,2,0,0,4,27.1115,42331.4,0.0292899,0.00508502,1.35,0.251917,0.0513233,-0.0524856,0.00107343,4.10909,20.835,11.1567
0,2,0,0,28,8.80071,60796.4,0.0132359,0.00508254,1.10099,0.0350057,0.173349,-0.205569,0.00383967,5.09437,67.3005,4.32879
0,2,0,1,12,16.9154,76803.3,0.0307836,0.00508502,0.870805,0.106088,0.0919988,-0.109793,0.00247456,4.35312,36.4011,6.81948
0,2,0,0,5,24.8155,47787.1,0.0302133,0.00508502,1.35,0.212265,0.0564083,-0.0653596,0.0013262,4.37429,22.8253,10.8487
0,2,0,0,6,23.243,52968.1,0.0308991,0.00508254,1.35,0.187541,0.0614921,-0.0791021,0.00158219,4.4214,24.7976,10.1096
0,2,0,0,7,21.9957,57860.9,0.0313601,0.00508521,1.31518,0.169422,0.0665759,-0.0912149,0.00181473,4.38006,26.7547,9.29752
0,2,0,0,8,20.8529,62445.3,0.0316116,0.00508502,1.1854,0.154129,0.0716611,-0.0953139,0.00195946,4.33984,28.6999,8.59879
0,2,0,0,9,19.8054,66668.2,0.0316661,0.00508502,1.07946,0.140369,0.0767461,-0.0990556,0.00209421,4.30154,30.6352,7.99276
0,2,0,0,10,18.8307,70485.6,0.0315366,0.00508254,0.995586,0.128472,0.0818298,-0.102754,0.00222629,4.27367,32.5622,7.47713
0,2,0,0,11,17.9307,73864.4,0.0312382,0.00508521,0.928377,0.117538,0.0869137,-0.106534,0.00235058,4.25159,34.4834,7.02875
0,2,0,0,12,16.9154,76803.3,0.0307836,0.00508502,0.870805,0.106088,0.0919988,-0.109793,0.00247456,4.35312,36.4011,6.81948
0,2,0,1,13,15.9536,79243.5,0.0301841,0.00508254,0.829125,0.095198,0.0970826,-0.11361,0.00259001,4.47744,38.3157,6.66515
0,2,0,0,29,8.45663,57675,0.0122086,0.00486918,1.11811,0.0358031,0.178325,-0.19514,0.00375099,5.22679,69.2189,4.31827
0,2,0,1,14,15.0764,81171.8,0.0294563,0.00508502,0.849099,0.0862525,0.102166,-0.12542,0.00279902,4.59904,40.2294,6.52176
0,2,0,0,30,8.16578,55792,0.0116129,0.00117843,1.1337,0.036815,0.181348,-0.0470997,0.000937085,5.4171,70.3859,4.40097
0,2,0,1,15,14.2886,82576.1,0.0286131,0.00508521,0.866931,0.0781148,0.107251,-0.136688,0.00298846,4.70724,42.1438,6.37323
0,2,0,0,31,8.03583,55148.2,0.011411,0.000962787,1.14098,0.0373232,0.182419,-0.0385037,0.00077954,5.52169,70.7993,4.45952
0,2,0,1,16,13.5936,83444,0.0276656,0.00508502,0.887322,0.0713618,0.112337,-0.14799,0.00317273,4.79148,44.0593,6.20657
0,2,0,0,32,7.91208,54337.4,0.0111837,0.00096012,1.13606,0.0376458,0.18338,-0.0378641,0.000781008,5.62586,71.1701,4.51972
0,2,0,1,17,12.9265,83796.7,0.0266306,0.00508254,0.909845,0.065094,0.11742,-0.159122,0.00335192,4.89593,45.9763,6.07841
0,2,0,0,33,7.79363,52967.6,0.0108446,0.000962596,1.12574,0.0380354,0.184342,-0.0368561,0.000775345,5.72495,71.5398,4.57532
0,2,0,1,18,12.3375,83634.6,0.0255206,0.00508502,0.92929,0.0594012,0.122504,-0.16923,0.00350235,4.97622,47.8961,5.93153
0,2,0,0,34,7.68346,50874.9,0.010362,0.000962597,1.11456,0.0386531,0.185304,-0.0352255,0.000756345,5.81501,71.9089,4.62324
0,2,0,1,19,11.8213,82968.4,0.0243471,0.00508521,0.950178,0.0546045,0.127589,-0.178707,0.00363337,5.0297,49.8195,5.76496
0,2,0,0,35,7.57369,47898.4,0.00970531,0.000962787,1.10576,0.038959,0.186267,-0.0330753,0.000722557,5.90591,72.2774,4.67136
0,2,0,1,20,11.3662,81826.7,0.0231254,0.00508254,0.975154,0.0508045,0.132673,-0.18791,0.00375587,5.06006,51.7459,5.585
0,2,0,0,36,7.46849,43741.9,0.00881758,0.000962596,1.09894,0.0390175,0.18723,-0.0301644,0.00066834,5.99239,72.646,4.71551
0,2,0,1,21,10.949,80245.6,0.0218694,0.00508502,0.997124,0.0471414,0.137757,-0.195676,0.0038446,5.08369,53.6762,5.41037
0,2,0,0,37,7.39785,37652,0.00755142,0.00096012,1.09436,0.0390568,0.188191,-0.0259209,0.000579057,6.03596,73.0158,4.7257
0,2,0,1,22,10.5782,78262.7,0.0205931,0.00508502,1.01555,0.0436936,0.142842,-0.201482,0.00388697,5.08845,55.6109,5.22806
0,2,0,0,38,7.57531,26623,0.00531371,0.000962597,1.10586,0.0389581,0.189152,-0.0186683,0.000402699,5.76129,73.3942,4.48839
0,2,0,1,23,10.2449,75914.3,0.0193077,0.00508521,1.03095,0.0404048,0.147927,-0.205424,0.0038863,5.07913,57.5498,5.04364
0,2,0,0,39,8.29366,10902.1,0.00216665,0.000866203,1.11447,0.0374255,0.190067,-0.00697329,0.00013089,4.79272,73.781,3.71664
0,2,0,0,16,13.5936,83444,0.0276656,0.00508502,0.887322,0.0713618,0.112337,-0.14799,0.00317273,4.79148,44.0593,6.20657
0,2,0,1,0,37.2535,22012.7,0.0239839,0.00315468,1.35,0.451524,0.0320573,-0.0102858,0.000198037,2.91794,13.1667,12.4956
0,2,0,0,17,12.9265,83796.7,0.0266306,0.00508254,0.909845,0.065094,0.11742,-0.159122,0.00335192,4.89593,45.9763,6.07841
0,2,0,1,1,35.2869,26034.3,0.025287,0.00497834,1.35,0.410352,0.0361238,-0.021765,0.000436848,3.18405,14.7892,12.15
0,2,0,0,18,12.3375,83634.6,0.0255206,0.00508502,0.92929,0.0594012,0.122504,-0.16923,0.00350235,4.97622,47.8961,5.93153
0,2,0,1,2,32.5924,31268.4,0.0267741,0.00508254,1.35,0.35557,0.0411543,-0.0306539,0.00063015,3.50537,16.7986,11.7868
0,2,0,0,19,11.8213,82968.4,0.0243471,0.00508521,0.950178,0.0546045,0.127589,-0.178707,0.00363337,5.0297,49.8195,5.76496
0,2,0,1,3,29.7471,36768.7,0.0281279,0.00508521,1.35,0.300216,0.0462382,-0.0408366,0.000840736,3.81752,18.8246,11.4638
0,2,0,0,20,11.3662,81826.7,0.0231254,0.00508254,0.975154,0.0508045,0.132673,-0.18791,0.00375587,5.06006,51.7459,5.585
0,2,0,1,4,27.1115,42331.4,0.0292899,0.00508502,1.35,0.251917,0.0513233,-0.0524856,0.00107343,4.10909,20.835,11.1567
0,2,0,0,21,10.949,80245.6,0.0218694,0.00508502,0.997124,0.0471414,0.137757,-0.195676,0.0038446,5.08369,53.6762,5.41037
0,2,0,1,5,24.8155,47787.1,0.0302133,0.00508502,1.35,0.212265,0.0564083,-0.0653596,0.0013262,4.37429,22.8253,10.8487
0,2,0,0,22,10.5782,78262.7,0.0205931,0.00508502,1.01555,0.0436936,0.142842,-0.201482,0.00388697,5.08845,55.6109,5.22806
0,2,0,1,6,23.243,52968.1,0.0308991,0.00508254,1.35,0.187541,0.0614921,-0.0791021,0.00158219,4.4214,24.7976,10.1096
0,2,0,0,23,10.2449,75914.3,0.0193077,0.00508521,1.03095,0.0404048,0.147927,-0.205424,0.0038863,5.07913,57.5498,5.04364
0,2,0,1,7,21.9957,57860.9,0.0313601,0.00508521,1.31518,0.169422,0.0665759,-0.0912149,0.00181473,4.38006,26.7547,9.29752
0,0,1,1,39,5.23854,14428.3,0.00180845,0.00069342,0.886875,0.0344074,0.152053,-0.00932872,0.000131697,6.3043,117.062,3.08266
0,0,1,1,38,4.75512,35076.8,0.00441579,0.00076962,0.82623,0.0357198,0.151322,-0.0233208,0.000375835,7.33633,116.49,3.60363
0,0,1,1,37,4.59558,50672.9,0.00640842,0.00076962,0.808238,0.0358843,0.150552,-0.0327908,0.000549162,7.71101,115.932,3.80532
0,0,1,1,36,4.50366,60651.5,0.00770504,0.00076962,0.827645,0.0320832,0.149783,-0.0400147,0.00064684,7.94716,115.392,3.93979
0,0,1,1,35,4.46162,68169.4,0.00869945,0.00076962,0.846365,0.0290974,0.149013,-0.0457906,0.000716419,8.08158,114.858,4.02478
0,0,1,1,34,4.44392,74150.2,0.00950595,0.00076962,0.8633,0.0266745,0.148243,-0.0505802,0.000769004,8.16683,114.327,4.08593
0,0,1,1,33,4.44197,79007.4,0.0101753,0.00076962,0.878417,0.0246867,0.147474,-0.0545924,0.000809486,8.22036,113.796,4.13173
0,0,1,1,32,4.45199,82971,0.0107354,0.00076962,0.891858,0.023058,0.146704,-0.0579454,0.000840554,8.25013,113.265,4.16601
0,0,1,1,31,4.47215,86179.4,0.0112027,0.00076962,0.903777,0.0217402,0.145934,-0.0607116,0.000863823,8.26016,112.734,4.19065
0,0,1,1,30,4.5059,88944.7,0.011623,0.000942289,0.915396,0.0206097,0.145078,-0.0773039,0.00107931,8.24941,112.141,4.20725
0,0,1,1,29,4.61805,94433.8,0.0125273,0.00389382,0.94168,0.0184154,0.14266,-0.343744,0.00460299,8.19328,110.463,4.242
0,0,1,1,28,4.75704,102432,0.0139345,0.00406908,0.968697,0.0162049,0.138679,-0.390872,0.00503977,8.19917,107.703,4.35341
0,0,1,1,27,4.89562,109841,0.0153404,0.00406664,0.9786,0.0160963,0.134611,-0.412114,0.00527102,8.22805,104.889,4.48538
0,0,1,1,26,5.01527,116496,0.0167133,0.00406908,0.987553,0.0160748,0.130543,-0.429524,0.00548331,8.30797,102.083,4.65273
0,0,1,1,25,5.13002,122401,0.0180506,0.00406649,0.996557,0.0161336,0.126475,-0.442617,0.00565708,8.41198,99.2833,4.84293
0,0,1,1,24,5.24759,127552,0.0193485,0.00406649,1.00618,0.0162714,0.122409,-0.452575,0.00579962,8.52659,96.4911,5.04991
0,0,1,0,15,7.02118,101650,0.0288048,0.00406908,1.13141,0.0216735,0.0858012,-0.215975,0.00280628,6.78071,51.4084,7.51387
0,0,1,0,14,7.36062,98924.8,0.0295567,0.00406649,1.15302,0.0230099,0.0817334,-0.202808,0.00262805,6.73026,48.717,7.86563
0,0,1,0,13,7.75603,95713.9,0.0302387,0.00406664,1.17653,0.0257959,0.0776668,-0.189117,0.00245392,6.65674,46.0314,8.22867
0,0,1,0,0,21.4052,17079.2,0.0222796,0.00252222,1.35,0.197706,0.0256451,-0.00554577,5.58784e-05,2.55647,10.9702,13.118
0,0,1,0,24,5.2276,100432,0.0193485,0.00406649,1.00564,0.016591,0.122409,-0.280415,0.00361688,6.74021,75.9732,5.0699
0,0,1,1,8,10.7387,117157,0.032446,0.00406664,0.984475,0.0604313,0.0573291,-0.217736,0.00311066,9.65106,52.1721,10.4804
0,0,1,0,1,21.7554,22297,0.0243624,0.00398267,1.35,0.202619,0.0288976,-0.0136337,0.000156688,3.06001,13.0954,13.1523
0,0,1,0,25,5.13517,97081.4,0.0180506,0.00406649,0.991204,0.0175962,0.126475,-0.276911,0.00359131,6.66484,78.7466,4.83778
0,0,1,1,9,9.90332,122358,0.0322072,0.00406649,1.02733,0.0569831,0.0613956,-0.250418,0.0036051,9.71452,54.9716,10.0218
0,0,1,0,2,21.1141,29462.6,0.0266306,0.00406908,1.35,0.193621,0.0329234,-0.0223857,0.000277659,3.51335,15.8723,12.4813
0,0,1,0,26,5.05565,93036.4,0.0167133,0.00406908,0.974419,0.0190504,0.130543,-0.270253,0.00354152,6.57747,81.5304,4.61235
0,0,1,1,10,9.24857,126883,0.0318351,0.00406908,1.07496,0.0512808,0.0654634,-0.286184,0.00407014,9.69209,57.7568,9.52598
0,0,1,0,3,19.7259,37152.9,0.0285432,0.00406664,1.35,0.174449,0.0369913,-0.0335327,0.000419904,3.7604,18.7528,11.3388
0,0,1,0,27,4.97632,88294.3,0.0153404,0.00406664,0.955194,0.0208082,0.134611,-0.25985,0.00346213,6.49528,84.3236,4.40468
0,0,1,1,11,8.66561,130913,0.0313804,0.00406649,1.11733,0.0467356,0.0695312,-0.321884,0.00454336,9.67397,60.5319,9.07999
0,0,1,0,4,18.1499,44963.6,0.0300735,0.00406908,1.16521,0.1541,0.0410592,-0.0404685,0.000535583,3.94019,21.6129,10.332
0,0,1,0,28,4.8843,82848.5,0.0139345,0.00406908,0.932143,0.0228898,0.138679,-0.245961,0.00336421,6.43813,87.1261,4.22615
0,0,1,1,12,8.14618,134423,0.030847,0.00406908,1.15514,0.0430701,0.073599,-0.357907,0.00502952,9.65716,63.2996,8.67432
0,0,1,0,5,15.8103,52780.5,0.0312268,0.00406649,0.888901,0.125167,0.0451269,-0.0408473,0.000615756,4.50754,24.4236,10.4566
0,0,1,0,6,13.6741,60269.5,0.0320053,0.00406649,0.937837,0.099091,0.0491934,-0.0551281,0.000814103,5.12694,27.191,10.6779
0,0,1,0,7,11.9753,67173,0.0324104,0.00406908,0.991194,0.0801232,0.0532612,-0.0718488,0.00104901,5.6586,29.9239,10.7082
0,0,1,0,8,10.6976,73277.8,0.032446,0.00406664,1.06083,0.0681026,0.0573291,-0.0917213,0.00133003,6.05978,32.6275,10.5214
0,0,1,0,9,9.91863,78595.5,0.0322072,0.00406649,1.09536,0.0600919,0.0613956,-0.110184,0.00158002,6.23059,35.3121,10.0065
0,0,1,0,10,9.27965,83453.2,0.0318351,0.00406908,1.11767,0.049158,0.0654634,-0.128816,0.00179448,6.35407,37.9912,9.4949
0,0,1,0,11,8.70933,87945.7,0.0313804,0.00406649,1.14565,0.0394781,0.0695312,-0.149146,0.00201764,6.46781,40.6695,9.03627
0,0,1,0,12,8.19968,92043,0.030847,0.00406908,1.17743,0.0309129,0.073599,-0.171361,0.00225216,6.57205,43.3491,8.62082
0,0,1,1,13,7.72609,137374,0.0302387,0.00406664,1.15144,0.0396101,0.0776668,-0.380542,0.00533323,9.58866,66.0619,8.25861
0,0,1,0,29,4.75537,76822.6,0.0125273,0.00389382,0.902815,0.0252965,0.14266,-0.218014,0.00310969,6.44991,89.8779,4.10468
0,0,1,1,14,7.35605,139747,0.0295567,0.00406649,1.13308,0.0357559,0.0817334,-0.397083,0.00553459,9.51307,68.8199,7.8702
0,0,1,0,30,4.63791,72602.3,0.011623,0.000942289,0.87857,0.0270767,0.145078,-0.0494161,0.00073334,6.52278,91.5522,4.07524
0,0,1,1,15,7.02702,141527,0.0288048,0.00406908,1.1176,0.03191,0.0858012,-0.413049,0.00570419,9.43348,71.5768,7.50803
0,0,1,0,31,4.6011,70427.2,0.0112027,0.00076962,0.868219,0.0279884,0.145934,-0.0389363,0.000588003,6.54298,92.1429,4.0617
0,0,1,1,16,6.73372,142689,0.0279857,0.00406649,1.10439,0.0281776,0.089869,-0.42733,0.00582891,9.34954,74.3334,7.16893
0,0,1,0,32,4.57692,67875.3,0.0107354,0.00076962,0.857939,0.0290431,0.146704,-0.0372904,0.000573052,6.54707,92.6724,4.04108
0,0,1,1,17,6.47181,143209,0.0271017,0.00406664,1.09292,0.0246466,0.0939356,-0.440412,0.00591889,9.26102,77.0903,6.85024
0,0,1,0,33,4.56156,64699,0.0101753,0.00076962,0.846621,0.030342,0.147474,-0.0352722,0.000552661,6.5371,93.2011,4.01214
0,0,1,1,18,6.23753,143076,0.0261569,0.00406908,1.08275,0.0213896,0.0980034,-0.451984,0.00597448,9.16803,79.85,6.54977
0,0,1,0,34,4.55664,60782.9,0.00950595,0.00076962,0.834152,0.0319245,0.148243,-0.0328297,0.00052569,6.51019,93.7297,3.97321
0,0,1,1,19,6.02765,142262,0.0251523,0.00406649,1.07351,0.0184634,0.102071,-0.460873,0.00598522,9.0702,82.6123,6.26555
0,0,1,0,35,4.56551,55936.8,0.00869945,0.00076962,0.820464,0.0338519,0.149013,-0.0298793,0.000490255,6.46048,94.2593,3.92089
0,0,1,1,20,5.83917,140756,0.0240919,0.00406908,1.05788,0.0176359,0.106139,-0.464757,0.00601419,8.9678,85.3784,5.99613
0,0,1,0,36,4.595,49818.4,0.00770504,0.00076962,0.806143,0.0361546,0.149783,-0.0262893,0.000442822,6.37658,94.7919,3.84845
0,0,1,1,21,5.6695,138541,0.0229781,0.00406649,1.04275,0.017181,0.110207,-0.465281,0.00600944,8.86112,88.1488,5.74035
0,0,1,0,37,4.6018,41668.4,0.00640842,0.00076962,0.806996,0.0361361,0.150552,-0.0221382,0.000371671,6.33042,95.3317,3.7991
0,0,1,1,22,5.51605,135610,0.0218148,0.00406664,1.02921,0.0167998,0.114273,-0.463729,0.00597463,8.751,90.9233,5.49755
0,0,1,0,38,4.75512,28875,0.00441579,0.00076962,0.82623,0.0357198,0.151322,-0.0158033,0.000254684,6.03922,95.8938,3.60363
0,0,1,1,23,5.37623,131954,0.0206045,0.00406908,1.01707,0.0164957,0.118341,-0.459856,0.00590864,8.63895,93.7043,5.26742
0,0,1,0,39,5.23854,11891.3,0.00180845,0.00069342,0.886875,0.0344074,0.152053,-0.0063365,8.94546e-05,5.19578,96.478,3.08266
0,0,1,0,16,6.72247,103863,0.0279857,0.00406649,1.11181,0.0207604,0.089869,-0.228127,0.00297255,6.81615,54.1059,7.18018
0,0,1,1,0,21.4052,45703.6,0.0222796,0.00252222,1.35,0.197706,0.0256451,-0.0397124,0.000400136,6.84105,29.356,13.118
0,0,1,0,17,6.45637,105538,0.0271017,0.00406664,1.09492,0.0196571,0.0939356,-0.239747,0.00312269,6.84021,56.8098,6.86568
0,0,1,1,1,21.7762,54024.7,0.0243624,0.00398267,1.35,0.200749,0.0288976,-0.0800778,0.000915713,7.40276,31.7324,13.1315
0,0,1,0,18,6.21897,106656,0.0261569,0.00406908,1.08021,0.0184748,0.0980034,-0.250643,0.00325491,6.8536,59.522,6.56833
0,0,1,1,2,21.1783,64386.6,0.0266306,0.00406908,1.35,0.186766,0.0329234,-0.107079,0.00130365,7.63915,34.6953,12.4171
0,0,1,0,19,6.00689,107188,0.0251523,0.00406649,1.06722,0.0173053,0.102071,-0.260117,0.0033613,6.85653,62.242,6.28631
0,0,1,1,3,19.8282,74659.5,0.0285432,0.00406664,1.35,0.162359,0.0369913,-0.13574,0.00164062,7.48926,37.6975,11.2365
0,0,1,0,20,5.81697,107115,0.0240919,0.00406908,1.05223,0.0170838,0.106139,-0.267715,0.003463,6.84969,64.9704,6.01833
0,0,1,1,4,18.4548,84532,0.0300735,0.00406908,1.14827,0.139099,0.0410592,-0.141478,0.00176868,7.19125,40.6713,10.0271
0,0,1,0,21,5.64651,106418,0.0229781,0.00406649,1.03863,0.0169111,0.110207,-0.273439,0.00353798,6.83372,67.7076,5.76334
0,0,1,1,5,16.288,94084.6,0.0312268,0.00406649,0.862123,0.107618,0.0451269,-0.126594,0.00175685,7.67167,43.6021,9.97889
0,0,1,0,22,5.49279,105083,0.0218148,0.00406664,1.02639,0.0167655,0.114273,-0.277675,0.00359094,6.80967,70.4529,5.52081
0,0,1,1,6,14.3401,102833,0.0320053,0.00406649,0.854011,0.0842292,0.0491934,-0.146828,0.00202276,8.2078,46.4924,10.0119
0,0,1,0,23,5.35312,103096,0.0206045,0.00406908,1.01538,0.0166557,0.118341,-0.280226,0.00362031,6.77913,73.2084,5.29053
0,0,1,1,7,12.5072,110587,0.0324104,0.00406908,0.905241,0.0693313,0.0532612,-0.178428,0.00246761,8.85796,49.3479,10.1762
0,1,1,1,39,5.23854,10033.4,0.00180845,0.00069342,0.886875,0.0344074,0.152053,-0.00451115,6.36854e-05,4.38399,81.4042,3.08266
0,1,1,1,38,4.75512,24360.6,0.00441579,0.00076962,0.82623,0.0357198,0.151322,-0.0112482,0.000181274,5.09504,80.9016,3.60363
0,1,1,1,37,4.6018,35150.1,0.00640842,0.00076962,0.806996,0.0361361,0.150552,-0.0157536,0.000264483,5.34013,80.4186,3.7991
0,1,1,1,36,4.595,42020.8,0.00770504,0.00076962,0.806143,0.0361546,0.149783,-0.0187038,0.000315049,5.37852,79.955,3.84845
0,1,1,1,35,4.61653,47173.9,0.00869945,0.00076962,0.808844,0.0360961,0.149013,-0.0209472,0.000351507,5.37761,79.4977,3.86987
0,1,1,1,34,4.6371,51253.8,0.00950595,0.00076962,0.815145,0.0355431,0.148243,-0.0228062,0.000378595,5.37856,79.0431,3.89275
0,1,1,1,33,4.64652,54550,0.0101753,0.00076962,0.826065,0.0342134,0.147474,-0.0244599,0.000398164,5.39513,78.5892,3.92718
0,1,1,1,32,4.66523,57221.9,0.0107354,0.00076962,0.836187,0.0331138,0.146704,-0.0258251,0.000412954,5.39903,78.1353,3.95277
0,1,1,1,31,4.69181,59366.7,0.0112027,0.00076962,0.845589,0.032212,0.145934,-0.0269392,0.000423789,5.39245,77.6807,3.97099
0,1,1,1,30,4.73025,61192.9,0.011623,0.000942289,0.855324,0.0314191,0.145078,-0.0341676,0.000528579,5.37335,77.1736,3.9829
0,1,1,1,29,4.84991,64727.2,0.0125273,0.00389382,0.878824,0.0298335,0.14266,-0.150617,0.00224111,5.30944,75.736,4.01014
0,1,1,1,28,4.98359,69762.1,0.0139345,0.00406908,0.906987,0.0277239,0.138679,-0.169644,0.00242192,5.29404,73.3733,4.12686
0,1,1,1,27,5.08196,74298.6,0.0153404,0.00406664,0.929004,0.0259245,0.134611,-0.178905,0.00248763,5.33485,70.9672,4.29904
0,1,1,1,26,5.16935,78233.8,0.0167133,0.00406908,0.947614,0.0244106,0.130543,-0.185786,0.00253809,5.3949,68.5693,4.49865
0,1,1,1,25,5.25719,81574,0.0180506,0.00406649,0.964197,0.0231537,0.126475,-0.190127,0.00256616,5.4593,66.1797,4.71576
0,1,1,1,24,5.3529,84322.8,0.0193485,0.00406649,0.979595,0.0221396,0.122409,-0.192495,0.00257613,5.51955,63.7992,4.9446
0,1,1,0,15,7.02455,124358,0.0288048,0.00406908,1.12358,0.0274902,0.0858012,-0.320788,0.00431607,8.29177,62.8932,7.5105
0,1,1,0,14,7.35645,122895,0.0295567,0.00406649,1.14186,0.0301884,0.0817334,-0.309689,0.0041832,8.36545,60.5209,7.8698
0,1,1,0,13,7.72975,120914,0.0302387,0.00406664,1.16324,0.0328211,0.0776668,-0.298108,0.00402884,8.43606,58.1471,8.25495
0,1,1,0,0,21.4052,41268.9,0.0222796,0.00252222,1.35,0.197706,0.0256451,-0.0323796,0.000326251,6.17725,26.5075,13.118
0,1,1,0,24,5.2356,111458,0.0193485,0.00406649,1.00581,0.0164547,0.122409,-0.345433,0.0044436,7.46837,84.3146,5.0619
0,1,1,1,8,10.7304,59829.5,0.032446,0.00406664,1.08896,0.0748165,0.0573291,-0.0627218,0.000924511,4.93243,26.6424,10.4887
0,1,1,0,1,21.7554,48638.3,0.0243624,0.00398267,1.35,0.202619,0.0288976,-0.0648747,0.000745588,6.67506,28.5661,13.1523
0,1,1,0,25,5.1194,106906,0.0180506,0.00406649,0.996764,0.0163998,0.126475,-0.337707,0.00433559,7.36319,86.714,4.85355
0,1,1,1,9,9.96078,64404.1,0.0322072,0.00406649,1.12796,0.0666816,0.0613956,-0.0761434,0.00110919,5.08429,28.9398,9.96432
0,1,1,0,2,21.1499,57765.1,0.0266306,0.00406908,1.35,0.189936,0.0329234,-0.0861258,0.00105758,6.86896,31.1239,12.4455
0,1,1,0,26,5.00597,101704,0.0167133,0.00406908,0.988267,0.0164125,0.130543,-0.327592,0.00420329,7.26749,89.1194,4.66203
0,1,1,1,10,9.33546,68597,0.0318351,0.00406908,1.13639,0.0559648,0.0654634,-0.0884337,0.00125785,5.1925,31.2331,9.43909
0,1,1,0,3,19.7958,66771.4,0.0285432,0.00406664,1.35,0.166229,0.0369913,-0.108488,0.00132632,6.71705,33.7108,11.2689
0,1,1,0,27,4.9197,95848,0.0153404,0.00406664,0.970535,0.0179644,0.134611,-0.31118,0.0040494,7.1414,91.5306,4.4613
0,1,1,1,11,8.7779,72485.5,0.0313804,0.00406649,1.1507,0.0464688,0.0695312,-0.101692,0.00141034,5.2907,33.5265,8.9677
0,1,1,0,4,18.3919,75404.6,0.0300735,0.00406908,1.15524,0.143288,0.0410592,-0.11316,0.00143474,6.45456,36.2727,10.0899
0,1,1,0,28,4.83513,89340.6,0.0139345,0.00406908,0.945552,0.0204268,0.138679,-0.290172,0.00388388,7.02324,93.9474,4.27532
0,1,1,1,12,8.2799,76043.6,0.030847,0.00406908,1.1692,0.0380532,0.073599,-0.116066,0.00156854,5.37951,35.8215,8.5406
0,1,1,0,5,16.1697,83749.3,0.0312268,0.00406649,0.862379,0.111954,0.0451269,-0.100183,0.00142493,6.90903,38.7982,10.0972
0,1,1,0,6,14.1951,91365.2,0.0320053,0.00406649,0.872248,0.0865837,0.0491934,-0.118284,0.00164938,7.39701,41.2891,10.1569
0,1,1,0,7,12.3917,98077.9,0.0324104,0.00406908,0.920255,0.0658127,0.0532612,-0.142732,0.00194939,7.94428,43.7501,10.2918
0,1,1,0,8,10.6332,103746,0.032446,0.00406664,1.00098,0.0560513,0.0573291,-0.1737,0.00244425,8.63132,46.1841,10.5859
0,1,1,0,9,9.87211,108178,0.0322072,0.00406649,1.04158,0.0527089,0.0613956,-0.198602,0.00280383,8.6152,48.5964,10.053
0,1,1,0,10,9.23103,112036,0.0318351,0.00406908,1.08873,0.0459677,0.0654634,-0.226182,0.00313677,8.57361,50.9959,9.54352
0,1,1,0,11,8.66094,115460,0.0313804,0.00406649,1.13065,0.0404132,0.0695312,-0.253607,0.00346971,8.5364,53.3861,9.08466
0,1,1,0,12,8.15341,118429,0.030847,0.00406908,1.16802,0.0357815,0.073599,-0.281195,0.0038065,8.50111,55.7692,8.66709
0,1,1,1,13,7.8448,79244.7,0.0302387,0.00406664,1.17098,0.0321832,0.0776668,-0.128954,0.00171453,5.45228,38.1194,8.1399
0,1,1,0,29,4.71237,82332,0.0125273,0.00389382,0.914473,0.0231789,0.14266,-0.25367,0.00354808,6.98476,96.3184,4.14768
0,1,1,1,14,7.46433,82058,0.0295567,0.00406649,1.14466,0.0293847,0.0817334,-0.138466,0.00183957,5.50958,40.4207,7.76192
0,1,1,0,30,4.59808,77529.3,0.011623,0.000942289,0.889236,0.0251576,0.145078,-0.057041,0.000831192,7.0334,97.7603,4.11507
0,1,1,1,15,7.12241,84465.8,0.0288048,0.00406908,1.12184,0.0269705,0.0858012,-0.147807,0.00196098,5.55891,42.7275,7.41264
0,1,1,0,31,4.56271,75113.3,0.0112027,0.00076962,0.878389,0.0261582,0.145934,-0.0448139,0.000664971,7.04419,98.2693,4.10009
0,1,1,1,16,6.81593,86442.5,0.0279857,0.00406649,1.10188,0.0249125,0.089869,-0.156567,0.00207321,5.59942,45.0399,7.08672
0,1,1,0,32,4.54017,72312.3,0.0107354,0.00076962,0.867532,0.0273103,0.146704,-0.0428028,0.000646794,7.03836,98.7259,4.07783
0,1,1,1,17,6.54229,87964,0.0271017,0.00406664,1.08427,0.023187,0.0939356,-0.164896,0.00217826,5.63017,47.3583,6.77976
0,1,1,0,33,4.52681,68853.6,0.0101753,0.00076962,0.855514,0.0287237,0.147474,-0.0403713,0.000622592,7.01704,99.1819,4.04689
0,1,1,1,18,6.29905,89014.1,0.0261569,0.00406908,1.06852,0.0217712,0.0980034,-0.17266,0.00227446,5.65049,49.6843,6.48825
0,1,1,0,34,4.52429,64616.8,0.00950595,0.00076962,0.842215,0.0304395,0.148243,-0.0374637,0.000591118,6.97707,99.6377,4.00556
0,1,1,1,19,6.08407,89566.1,0.0251523,0.00406649,1.05421,0.0206494,0.102071,-0.179372,0.00235556,5.65926,52.0172,6.20913
0,1,1,0,35,4.53607,59401.5,0.00869945,0.00076962,0.827552,0.0325226,0.149013,-0.0339892,0.000550296,6.91208,100.094,3.95033
0,1,1,1,20,5.89503,89605.5,0.0240919,0.00406908,1.03916,0.0202719,0.106139,-0.184985,0.00243089,5.65595,54.3577,5.94027
0,1,1,0,36,4.57017,52847.7,0.00770504,0.00076962,0.811659,0.0350799,0.149783,-0.029788,0.000496367,6.80789,100.553,3.87328
0,1,1,1,21,5.72982,89113.8,0.0229781,0.00406649,1.02374,0.0204391,0.110207,-0.188957,0.00249192,5.64006,56.7061,5.68003
0,1,1,0,37,4.6018,44153.2,0.00640842,0.00076962,0.806996,0.0361361,0.150552,-0.0248571,0.00041732,6.70792,101.016,3.7991
0,1,1,1,22,5.58607,88078.9,0.0218148,0.00406664,1.00894,0.0207954,0.114273,-0.191722,0.00253813,5.61161,59.0617,5.42753
0,1,1,0,38,4.75512,30561.8,0.00441579,0.00076962,0.82623,0.0357198,0.151322,-0.0177036,0.000285308,6.39201,101.496,3.60363
0,1,1,1,23,5.46131,86488.6,0.0206045,0.00406908,0.994363,0.0213569,0.118341,-0.193086,0.00256819,5.57115,61.4264,5.18234
0,1,1,0,39,5.23854,12570.1,0.00180845,0.00069342,0.886875,0.0344074,0.152053,-0.00708062,9.99595e-05,5.49239,101.986,3.08266
0,1,1,0,16,6.72876,125283,0.0279857,0.00406649,1.10777,0.0248287,0.089869,-0.330564,0.00441747,8.21463,65.2647,7.17389
0,1,1,1,0,21.4052,12649.3,0.0222796,0.00252222,1.35,0.197706,0.0256451,-0.003042,3.06507e-05,1.89339,8.12481,13.118
0,1,1,0,17,6.46473,125649,0.0271017,0.00406664,1.09393,0.022289,0.0939356,-0.339421,0.0044949,8.13376,67.6361,6.85732
0,1,1,1,1,21.7554,16911.2,0.0243624,0.00398267,1.35,0.202619,0.0288976,-0.00784272,9.01343e-05,2.32087,9.93223,13.1523
0,1,1,0,18,6.22868,125446,0.0261569,0.00406908,1.08161,0.0199417,0.0980034,-0.347139,0.00454833,8.04915,70.0095,6.55862
0,1,1,1,2,21.1141,22838.8,0.0266306,0.00406908,1.35,0.193621,0.0329234,-0.0134516,0.000166846,2.72348,12.3038,12.4813
0,1,1,0,19,6.01737,124652,0.0251523,0.00406649,1.07045,0.017842,0.102071,-0.352842,0.00456938,7.96046,72.3849,6.27583
0,1,1,1,3,19.7259,29260.4,0.0285432,0.00406664,1.35,0.174449,0.0369913,-0.020799,0.00026045,2.96156,14.769,11.3388
0,1,1,0,20,5.82776,123258,0.0240919,0.00406908,1.0549,0.0173401,0.106139,-0.355386,0.00459757,7.86786,74.7631,6.00754
0,1,1,1,4,18.1499,35819,0.0300735,0.00406908,1.16521,0.1541,0.0410592,-0.0256816,0.000339885,3.13884,17.2173,10.332
0,1,1,0,21,5.65726,121249,0.0229781,0.00406649,1.04049,0.0170272,0.110207,-0.355605,0.00459693,7.77159,77.1447,5.75259
0,1,1,1,5,15.7722,42410.7,0.0312268,0.00406649,0.893733,0.126314,0.0451269,-0.0265083,0.000401167,3.63497,19.6227,10.4947
0,1,1,0,22,5.50323,118619,0.0218148,0.00406664,1.02761,0.0167726,0.114273,-0.354245,0.00457318,7.67236,79.5296,5.51037
0,1,1,1,6,13.4744,48775.1,0.0320053,0.00406649,0.962262,0.103163,0.0491934,-0.0369958,0.000556302,4.22579,21.9907,10.8775
0,1,1,0,23,5.36306,115361,0.0206045,0.00406908,1.01607,0.0165801,0.118341,-0.351119,0.00452531,7.57148,81.9197,5.28059
0,1,1,1,7,11.8823,54630.5,0.0324104,0.00406908,1.02054,0.0866974,0.0532612,-0.048869,0.000729506,4.6415,24.329,10.8011
0,2,1,1,39,8.29366,10901.9,0.00216665,0.000866203,1.11447,0.0374255,0.190067,-0.006973,0.000130884,4.79262,73.7795,3.71664
0,2,1,1,38,7.57531,26622.4,0.00531371,0.000962597,1.10586,0.0389581,0.189152,-0.0186675,0.000402682,5.76116,73.3926,4.48839
0,2,1,1,37,7.39785,37651.1,0.00755142,0.00096012,1.09436,0.0390568,0.188191,-0.0259197,0.000579031,6.03583,73.0142,4.7257
0,2,1,1,36,7.46849,43740.9,0.00881758,0.000962596,1.09894,0.0390175,0.18723,-0.0301631,0.00066831,5.99225,72.6444,4.71551
0,2,1,1,35,7.57369,47897.3,0.00970531,0.000962787,1.10576,0.038959,0.186267,-0.0330738,0.000722525,5.90578,72.2758,4.67136
0,2,1,1,34,7.68346,50873.8,0.010362,0.000962597,1.11456,0.0386534,0.185304,-0.0352239,0.000756311,5.81488,71.9073,4.62324
0,2,1,1,33,7.79363,52966.4,0.0108446,0.000962596,1.12574,0.0380357,0.184342,-0.0368543,0.00077531,5.72481,71.5381,4.57532
0,2,1,1,32,7.91208,54336.1,0.0111837,0.00096012,1.13606,0.0376462,0.18338,-0.0378623,0.000780973,5.62572,71.1685,4.51972
0,2,1,1,31,8.03584,55146.9,0.011411,0.000962787,1.14098,0.0373235,0.182419,-0.0385018,0.000779504,5.52156,70.7977,4.45951
0,2,1,1,30,8.16578,55790.7,0.0116129,0.00117843,1.1337,0.0368152,0.181348,-0.0470974,0.000937041,5.41697,70.3843,4.40097
0,2,1,1,29,8.45664,57673.7,0.0122086,0.00486918,1.11811,0.0358033,0.178325,-0.19513,0.00375081,5.22666,69.2173,4.31826
0,2,1,1,28,8.80071,60794.9,0.0132359,0.00508254,1.10099,0.0350057,0.173349,-0.205558,0.00383947,5.09424,67.2989,4.32879
0,2,1,1,27,9.07082,64037.5,0.0143573,0.00508521,1.08863,0.0348701,0.168265,-0.207957,0.00384822,5.07508,65.3418,4.44123
0,2,1,1,26,9.36313,67248.9,0.0155398,0.00508502,1.07438,0.0352578,0.16318,-0.209047,0.00384654,5.04879,63.3876,4.55397
0,2,1,1,25,9.64979,70344.6,0.0167678,0.00508502,1.05997,0.0361599,0.158095,-0.209059,0.00385382,5.04771,61.437,4.69691
0,2,1,1,24,9.93923,73251.4,0.0180276,0.00508254,1.04474,0.0375293,0.153011,-0.207618,0.00385618,5.06225,59.4906,4.86377
0,2,1,0,15,14.2886,82578.8,0.0286131,0.00508521,0.866934,0.0781155,0.107251,-0.136697,0.00298868,4.7074,42.1451,6.37324
0,2,1,0,14,15.0764,81174.6,0.0294563,0.00508502,0.849102,0.0862533,0.102166,-0.12543,0.00279923,4.5992,40.2307,6.52177
0,2,1,0,13,15.9536,79246.4,0.0301841,0.00508254,0.829127,0.0951988,0.0970826,-0.113619,0.00259022,4.47761,38.3171,6.66517
0,2,1,0,0,37.2535,22015.7,0.0239839,0.00315468,1.35,0.451524,0.0320573,-0.0102885,0.00019809,2.91833,13.1685,12.4956
0,2,1,0,24,9.93921,73254.9,0.0180276,0.00508254,1.04474,0.0375304,0.153011,-0.207639,0.00385661,5.06251,59.4934,4.86379
0,2,1,1,8,20.8529,62441.4,0.0316116,0.00508502,1.1854,0.154128,0.0716611,-0.0953015,0.0019592,4.33956,28.6981,8.59878
0,2,1,0,1,35.2869,26037.3,0.025287,0.00497834,1.35,0.410352,0.0361238,-0.0217701,0.00043695,3.18443,14.791,12.15
0,2,1,0,25,9.64977,70347.8,0.0167678,0.00508502,1.05997,0.0361607,0.158095,-0.209079,0.00385422,5.04795,61.4398,4.69693
0,2,1,1,9,19.8055,66664.2,0.0316661,0.00508502,1.07946,0.140368,0.0767461,-0.0990436,0.00209395,4.30128,30.6334,7.99275
0,2,1,0,2,32.5924,31271.6,0.0267741,0.00508254,1.35,0.35557,0.0411543,-0.0306601,0.000630278,3.50573,16.8003,11.7868
0,2,1,0,26,9.36312,67251.9,0.0155398,0.00508502,1.07438,0.0352582,0.16318,-0.209067,0.00384691,5.04903,63.3904,4.55398
0,2,1,1,10,18.8307,70481.7,0.0315366,0.00508254,0.995583,0.128471,0.0818298,-0.102742,0.00222603,4.27342,32.5604,7.47712
0,2,1,0,3,29.7471,36772.1,0.0281279,0.00508521,1.35,0.300216,0.0462382,-0.0408439,0.000840887,3.81786,18.8263,11.4638
0,2,1,0,27,9.07081,64040.2,0.0143573,0.00508521,1.08863,0.0348703,0.168265,-0.207976,0.00384857,5.07531,65.3446,4.44124
0,2,1,1,11,17.9307,73860.6,0.0312382,0.00508521,0.928375,0.117537,0.0869137,-0.106523,0.00235032,4.25136,34.4816,7.02874
0,2,1,0,4,27.1115,42334.8,0.0292899,0.00508502,1.35,0.251917,0.0513233,-0.0524941,0.0010736,4.10942,20.8367,11.1567
0,2,1,0,28,8.8007,60797.3,0.0132359,0.00508254,1.10099,0.0350057,0.173349,-0.205575,0.0038398,5.09445,67.3016,4.3288
0,2,1,1,12,16.9154,76799.6,0.0307836,0.00508502,0.870802,0.106087,0.0919988,-0.109782,0.0024743,4.3529,36.3993,6.81947
0,2,1,0,5,24.8155,47790.6,0.0302133,0.00508502,1.35,0.212265,0.0564083,-0.065369,0.00132639,4.37461,22.827,10.8487
0,2,1,0,6,23.243,52971.6,0.0308991,0.00508254,1.35,0.187542,0.0614921,-0.0791124,0.0015824,4.4217,24.7992,10.1096
0,2,1,0,7,21.9957,57864.3,0.0313601,0.00508521,1.31519,0.169423,0.0665759,-0.091226,0.00181496,4.38033,26.7563,9.29752
0,2,1,0,8,20.8529,62448.7,0.0316116,0.00508502,1.1854,0.15413,0.0716611,-0.0953245,0.00195968,4.34008,28.7015,8.5988
0,2,1,0,9,19.8054,66671.5,0.0316661,0.00508502,1.07947,0.14037,0.0767461,-0.0990657,0.00209444,4.30177,30.6367,7.99277
0,2,1,0,10,18.8307,70488.9,0.0315366,0.00508254,0.995588,0.128473,0.0818298,-0.102763,0.00222651,4.27387,32.5637,7.47714
0,2,1,0,11,17.9307,73867.6,0.0312382,0.00508521,0.928379,0.117539,0.0869137,-0.106543,0.0023508,4.25178,34.4849,7.02875
0,2,1,0,12,16.9154,76806.4,0.0307836,0.00508502,0.870806,0.106089,0.0919988,-0.109802,0.00247477,4.3533,36.4025,6.8195
0,2,1,1,13,15.9537,79239.8,0.0301841,0.00508254,0.829122,0.0951969,0.0970826,-0.113599,0.00258975,4.47722,38.3139,6.66514
0,2,1,0,29,8.45663,57675.9,0.0122086,0.00486918,1.11812,0.035803,0.178325,-0.195146,0.00375111,5.22687,69.22,4.31827
0,2,1,1,14,15.0764,81168.2,0.0294563,0.00508502,0.849096,0.0862515,0.102166,-0.125409,0.00279875,4.59883,40.2276,6.52175
0,2,1,0,30,8.16577,55792.8,0.0116129,0.00117843,1.13371,0.0368148,0.181348,-0.0471012,0.000937113,5.41719,70.387,4.40098
0,2,1,1,15,14.2886,82572.7,0.0286131,0.00508521,0.866928,0.0781138,0.107251,-0.136676,0.00298819,4.70704,42.142,6.37321
0,2,1,0,31,8.03583,55149,0.011411,0.000962787,1.14098,0.037323,0.182419,-0.0385049,0.000779563,5.52178,70.8004,4.45952
0,2,1,1,16,13.5936,83440.7,0.0276656,0.00508502,0.887319,0.0713608,0.112337,-0.147978,0.00317245,4.79128,44.0576,6.20655
0,2,1,0,32,7.91207,54338.2,0.0111837,0.00096012,1.13607,0.0376456,0.18338,-0.0378653,0.000781031,5.62595,71.1711,4.51973
0,2,1,1,17,12.9266,83793.5,0.0266306,0.00508254,0.909842,0.0650931,0.11742,-0.15911,0.00335164,4.89573,45.9746,6.07839
0,2,1,0,33,7.79362,52968.4,0.0108446,0.000962596,1.12575,0.0380352,0.184342,-0.0368572,0.000775367,5.72503,71.5408,4.57533
0,2,1,1,18,12.3375,83631.6,0.0255206,0.00508502,0.929286,0.0594003,0.122504,-0.169217,0.00350206,4.97602,47.8943,5.93151
0,2,1,0,34,7.68345,50875.6,0.010362,0.000962597,1.11456,0.0386529,0.185304,-0.0352266,0.000756366,5.8151,71.9099,4.62325
0,2,1,1,19,11.8213,82965.6,0.0243471,0.00508521,0.950174,0.0546037,0.127589,-0.178694,0.00363308,5.02951,49.8178,5.76495
0,2,1,0,35,7.57369,47899,0.00970531,0.000962787,1.10576,0.038959,0.186267,-0.0330762,0.000722577,5.906,72.2784,4.67136
0,2,1,1,20,11.3663,81824,0.0231254,0.00508254,0.97515,0.0508037,0.132673,-0.187897,0.00375559,5.05988,51.7442,5.58499
0,2,1,0,36,7.46849,43742.5,0.00881758,0.000962596,1.09894,0.0390175,0.18723,-0.0301653,0.000668358,5.99247,72.647,4.71551
0,2,1,1,21,10.949,80243.1,0.0218694,0.00508502,0.99712,0.0471406,0.137757,-0.195663,0.00384432,5.08352,53.6745,5.41036
0,2,1,0,37,7.39785,37652.5,0.00755142,0.00096012,1.09436,0.0390568,0.188191,-0.0259216,0.000579072,6.03604,73.0168,4.7257
0,2,1,1,22,10.5783,78260.4,0.0205931,0.00508502,1.01554,0.0436929,0.142842,-0.20147,0.00388669,5.08828,55.6093,5.22804
0,2,1,0,38,7.57531,26623.4,0.00531371,0.000962597,1.10586,0.0389581,0.189152,-0.0186688,0.00040271,5.76136,73.3952,4.48839
0,2,1,1,23,10.2449,75912.1,0.0193077,0.00508521,1.03094,0.0404042,0.147927,-0.205411,0.00388604,5.07897,57.5481,5.04363
0,2,1,0,39,8.29366,10902.3,0.00216665,0.000866203,1.11447,0.0374255,0.190067,-0.00697346,0.000130893,4.79278,73.7819,3.71664
0,2,1,0,16,13.5936,83446.5,0.0276656,0.00508502,0.887325,0.0713626,0.112337,-0.148,0.00317294,4.79163,44.0606,6.20658
0,2,1,1,0,37.2535,22009.6,0.0239839,0.00315468,1.35,0.451524,0.0320573,-0.0102829,0.000197981,2.91753,13.1649,12.4956
0,2,1,0,17,12.9265,83799.1,0.0266306,0.00508254,0.909848,0.0650947,0.11742,-0.159132,0.00335214,4.89608,45.9776,6.07842
0,2,1,1,1,35.2869,26031,0.025287,0.00497834,1.35,0.410352,0.0361238,-0.0217595,0.000436737,3.18365,14.7874,12.15
0,2,1,0,18,12.3375,83636.8,0.0255206,0.00508502,0.929292,0.0594018,0.122504,-0.16924,0.00350256,4.97636,47.8973,5.93154
0,2,1,1,2,32.5924,31265,0.0267741,0.00508254,1.35,0.35557,0.0411543,-0.030647,0.00063001,3.50498,16.7967,11.7868
0,2,1,0,19,11.8213,82970.5,0.0243471,0.00508521,0.950181,0.0546051,0.127589,-0.178716,0.00363358,5.02984,49.8207,5.76497
0,2,1,1,3,29.7471,36765.1,0.0281279,0.00508521,1.35,0.300216,0.0462382,-0.0408285,0.000840569,3.81714,18.8228,11.4638
0,2,1,0,20,11.3662,81828.6,0.0231254,0.00508254,0.975157,0.0508051,0.132673,-0.187919,0.00375608,5.06019,51.7472,5.58501
0,2,1,1,4,27.1115,42327.6,0.0292899,0.00508502,1.35,0.251917,0.0513233,-0.0524763,0.00107324,4.10872,20.8332,11.1567
0,2,1,0,21,10.949,80247.4,0.0218694,0.00508502,0.997127,0.0471419,0.137757,-0.195685,0.0038448,5.08382,53.6774,5.41038
0,2,1,1,5,24.8155,47783.3,0.0302133,0.00508502,1.35,0.212265,0.0564083,-0.065349,0.00132599,4.37394,22.8235,10.8487
0,2,1,0,22,10.5782,78264.4,0.0205931,0.00508502,1.01555,0.0436941,0.142842,-0.201492,0.00388716,5.08857,55.6121,5.22806
0,2,1,1,6,23.243,52964.1,0.0308991,0.00508254,1.35,0.18754,0.0614921,-0.0790903,0.00158195,4.42107,24.7957,10.1096
0,2,1,0,23,10.2449,75915.9,0.0193077,0.00508521,1.03095,0.0404053,0.147927,-0.205433,0.00388649,5.07924,57.551,5.04365
0,2,1,1,7,21.9957,57856.9,0.0313601,0.00508521,1.31518,0.169421,0.0665759,-0.0912022,0.00181448,4.37976,26.7529,9.29751
